{
 "name": "How to be a designer",
 "children": [
  
    {
     "name": "Resize",
     "children": [
      {"name": "Resize to large", "size": 3938},
      {"name": "Resize to medium", "size": 3812},
      {"name": "Resize to small", "size": 6714},
      {"name": "Resize to extra small", "size": 743}
     ]
    },
    {
     "name": "Cut",
     "children": [
      {"name": "Cut in middle", "size": 3534},
      {"name": "Cut the left", "size": 5731},
      {"name": "Cut the top", "size": 7840},
      {"name": "Cut the right", "size": 5914},
      {"name": "Cut the bottom", "size": 3416}
     ]
    },
    {
     "name": "Transform",
     "children": [
      {"name": "Srew", "size": 7074},
      {"name": "Pan", "size": 4520},
      {"name": "Explode", "size": 1}
     ]
    }
   
  ]
}